INSERT INTO tb_client (cpf, email, name, phone_number) VALUES('756.394.430-30', 'renato@gmail.com', 'Renato Marques da Silva', '(62)994644482');
INSERT INTO tb_client (cpf, email, name, phone_number) VALUES('636.544.690-00', 'monica@gmail.com', 'Monica Jose de Sousa', '(63) 99662-7682');
INSERT INTO tb_client (cpf, email, name, phone_number) VALUES('724.936.440-50', 'ines@gmail.com', 'Maria Ines de Castro', '(39) 99167-8095');
INSERT INTO tb_client (cpf, email, name, phone_number) VALUES('512.674.580-89', 'tulio@gmail.com', 'Tulio Fortunato Carolino', '(28) 90717-0552');
INSERT INTO tb_client (cpf, email, name, phone_number) VALUES('342.820.580-48', 'rick@gmail.com', 'Henrique Mendes', '(54) 91916-3271');
INSERT INTO tb_client (cpf, email, name, phone_number) VALUES('453.137.570-08', 'maria@gmail.com', 'Maria Jose da Sá', '(48) 99113-1766');
INSERT INTO tb_client (cpf, email, name, phone_number) VALUES('663.923.300-20', 'jordana@gmail.com', 'Jordana da Silva Maia', '(37) 99081-2140');
INSERT INTO tb_client (cpf, email, name, phone_number) VALUES('419.582.840-68', 'adrielly@gmail.com', 'Adrielly Marcelino Lopes', '(10) 91998-9673');

INSERT INTO tb_checking_account (`balance`) VALUES(1700.00);
INSERT INTO tb_checking_account (`balance`) VALUES(1700.00);
INSERT INTO tb_checking_account (`balance`) VALUES(1700.00);
INSERT INTO tb_checking_account (`balance`) VALUES(1700.00);
INSERT INTO tb_checking_account (`balance`) VALUES(1700.00);
INSERT INTO tb_checking_account (`balance`) VALUES(1700.00);
INSERT INTO tb_checking_account (`balance`) VALUES(1700.00);

INSERT INTO `tb_checking_account_client`(`account_id`, `client_id`) VALUES (1, 1);
INSERT INTO `tb_checking_account_client`(`account_id`, `client_id`) VALUES (2, 2);
INSERT INTO `tb_checking_account_client`(`account_id`, `client_id`) VALUES (3, 3);
INSERT INTO `tb_checking_account_client`(`account_id`, `client_id`) VALUES (4, 4);
INSERT INTO `tb_checking_account_client`(`account_id`, `client_id`) VALUES (5, 5);
INSERT INTO `tb_checking_account_client`(`account_id`, `client_id`) VALUES (6, 6);
INSERT INTO `tb_checking_account_client`(`account_id`, `client_id`) VALUES (7, 7);


INSERT INTO tb_special_account (`balance`, `credit_special`, `credit_special_used`) VALUES(1700.00, 800.0, 0.0);
INSERT INTO tb_special_account (`balance`, `credit_special`, `credit_special_used`) VALUES(1700.00, 800.0, 0.0);
INSERT INTO tb_special_account (`balance`, `credit_special`, `credit_special_used`) VALUES(1700.00, 800.0, 0.0);

INSERT INTO `tb_special_account_client`(`account_id`, `client_id`) VALUES (1, 1);
INSERT INTO `tb_special_account_client`(`account_id`, `client_id`) VALUES (2, 2);
INSERT INTO `tb_special_account_client`(`account_id`, `client_id`) VALUES (3, 8);


INSERT INTO tb_credit_card (card_number, expiration_date, used_limit, limit_credit, security_code) VALUES("4527 0144 9327 6163", '2023-07-13', 0.0, 500.00, 456);
INSERT INTO tb_credit_card (card_number, expiration_date, used_limit, limit_credit, security_code) VALUES("5274 4483 9843 5130", '2023-07-13', 0.0, 500.00, 789);
INSERT INTO tb_credit_card (card_number, expiration_date, used_limit, limit_credit, security_code) VALUES("5041 7503 4657 4338", '2023-07-13', 0.0, 500.00, 123);
INSERT INTO tb_credit_card (card_number, expiration_date, used_limit, limit_credit, security_code) VALUES("6229 7354 5397 9356", '2023-07-13', 0.0, 500.00, 654);
INSERT INTO tb_credit_card (card_number, expiration_date, used_limit, limit_credit, security_code) VALUES("5041 7578 4761 5957", '2023-07-13', 0.0, 500.00, 987);
INSERT INTO tb_credit_card (card_number, expiration_date, used_limit, limit_credit, security_code) VALUES("5355 3788 1468 3173", '2023-07-13', 0.0, 500.00, 159);
INSERT INTO tb_credit_card (card_number, expiration_date, used_limit, limit_credit, security_code) VALUES("5581 2337 8452 8716", '2023-07-13', 0.0, 500.00, 357);
INSERT INTO tb_credit_card (card_number, expiration_date, used_limit, limit_credit, security_code) VALUES("6584 4661 5298 7750", '2023-07-13', 0.0, 500.00, 847);
INSERT INTO tb_credit_card (card_number, expiration_date, used_limit, limit_credit, security_code) VALUES("6583 4661 5298 7750", '2023-07-13', 0.0, 500.00, 888);
INSERT INTO tb_credit_card (card_number, expiration_date, used_limit, limit_credit, security_code) VALUES("6585 4661 5298 7750", '2023-07-13', 0.0, 500.00, 837);


INSERT INTO tb_checking_account_credit_card (`account_id`, `credit_card_id`) VALUES (1, 1);
INSERT INTO tb_checking_account_credit_card (`account_id`, `credit_card_id`) VALUES (2, 2);
INSERT INTO tb_checking_account_credit_card (`account_id`, `credit_card_id`) VALUES (3, 3);
INSERT INTO tb_checking_account_credit_card (`account_id`, `credit_card_id`) VALUES (4, 4);
INSERT INTO tb_checking_account_credit_card (`account_id`, `credit_card_id`) VALUES (5, 5);
INSERT INTO tb_checking_account_credit_card (`account_id`, `credit_card_id`) VALUES (6, 6);
INSERT INTO tb_checking_account_credit_card (`account_id`, `credit_card_id`) VALUES (7, 7);

INSERT INTO tb_special_account_credit_card (`account_id`, `credit_card_id`) VALUES (1, 8);
INSERT INTO tb_special_account_credit_card (`account_id`, `credit_card_id`) VALUES (2, 9);
INSERT INTO tb_special_account_credit_card (`account_id`, `credit_card_id`) VALUES (3, 10);

INSERT INTO tb_operation (date, description, value) VALUES('2020-07-13', 'Depósito', 150.0);
INSERT INTO tb_operation (date, description, value) VALUES('2020-07-13', 'Depósito', 150.0);
INSERT INTO tb_operation (date, description, value) VALUES('2020-07-13', 'Depósito', 150.0);
INSERT INTO tb_operation (date, description, value) VALUES('2020-07-13', 'Depósito', 150.0);
INSERT INTO tb_operation (date, description, value) VALUES('2020-07-13', 'Depósito', 150.0);
INSERT INTO tb_operation (date, description, value) VALUES('2020-07-13', 'Depósito', 150.0);
INSERT INTO tb_operation (date, description, value) VALUES('2020-07-13', 'Depósito', 150.0);
INSERT INTO tb_operation (date, description, value) VALUES('2020-07-13', 'Depósito', 150.0);
INSERT INTO tb_operation (date, description, value) VALUES('2020-07-13', 'Depósito', 150.0);
INSERT INTO tb_operation (date, description, value) VALUES('2020-07-13', 'Depósito', 150.0);
INSERT INTO tb_operation (date, description, value) VALUES('2020-07-13', 'Depósito', 150.0);
INSERT INTO tb_operation (date, description, value) VALUES('2020-07-13', 'Depósito', 150.0);
INSERT INTO tb_operation (date, description, value) VALUES('2020-07-13', 'Depósito', 150.0);
INSERT INTO tb_operation (date, description, value) VALUES('2020-07-13', 'Depósito', 150.0);
INSERT INTO tb_operation (date, description, value) VALUES('2020-07-13', 'Depósito', 150.0);
INSERT INTO tb_operation (date, description, value) VALUES('2020-07-13', 'Depósito', 150.0);
INSERT INTO tb_operation (date, description, value) VALUES('2020-07-13', 'Depósito', 150.0);
INSERT INTO tb_operation (date, description, value) VALUES('2020-07-13', 'Depósito', 150.0);
INSERT INTO tb_operation (date, description, value) VALUES('2020-07-13', 'Depósito', 150.0);
INSERT INTO tb_operation (date, description, value) VALUES('2020-07-13', 'Depósito', 150.0);
INSERT INTO tb_operation (date, description, value) VALUES('2020-07-13', 'Depósito', 150.0);
INSERT INTO tb_operation (date, description, value) VALUES('2020-07-13', 'Depósito', 150.0);
INSERT INTO tb_operation (date, description, value) VALUES('2020-07-13', 'Depósito', 150.0);
INSERT INTO tb_operation (date, description, value) VALUES('2020-07-13', 'Retirada', 150.0);
INSERT INTO tb_operation (date, description, value) VALUES('2020-07-13', 'Depósito', 150.0);
INSERT INTO tb_operation (date, description, value) VALUES('2020-07-13', 'Depósito', 150.0);
INSERT INTO tb_operation (date, description, value) VALUES('2020-07-13', 'Depósito', 150.0);
INSERT INTO tb_operation (date, description, value) VALUES('2020-07-13', 'Depósito', 150.0);
INSERT INTO tb_operation (date, description, value) VALUES('2020-07-13', 'Depósito', 150.0);
INSERT INTO tb_operation (date, description, value) VALUES('2020-07-13', 'Depósito', 150.0);
INSERT INTO tb_operation (date, description, value) VALUES('2020-07-13', 'Depósito', 150.0);
INSERT INTO tb_operation (date, description, value) VALUES('2020-07-13', 'Depósito', 150.0);
INSERT INTO tb_operation (date, description, value) VALUES('2020-07-13', 'Depósito', 150.0);
INSERT INTO tb_operation (date, description, value) VALUES('2020-07-13', 'Depósito', 150.0);
INSERT INTO tb_operation (date, description, value) VALUES('2020-07-13', 'Depósito', 150.0);
INSERT INTO tb_operation (date, description, value) VALUES('2020-07-13', 'Depósito', 150.0);
INSERT INTO tb_operation (date, description, value) VALUES('2020-07-13', 'Retirada', 150.0);
INSERT INTO tb_operation (date, description, value) VALUES('2020-07-13', 'Depósito', 150.0);
INSERT INTO tb_operation (date, description, value) VALUES('2020-07-13', 'Depósito', 150.0);
INSERT INTO tb_operation (date, description, value) VALUES('2020-07-13', 'Retirada', 150.0);
INSERT INTO tb_operation (date, description, value) VALUES('2020-07-13', 'Depósito', 150.0);
INSERT INTO tb_operation (date, description, value) VALUES('2020-07-13', 'Retirada', 150.0);
INSERT INTO tb_operation (date, description, value) VALUES('2020-07-13', 'Depósito', 150.0);
INSERT INTO tb_operation (date, description, value) VALUES('2020-07-13', 'Depósito', 150.0);
INSERT INTO tb_operation (date, description, value) VALUES('2020-07-13', 'Depósito', 150.0);
INSERT INTO tb_operation (date, description, value) VALUES('2020-07-13', 'Depósito', 150.0);
INSERT INTO tb_operation (date, description, value) VALUES('2020-07-13', 'Depósito', 150.0);
INSERT INTO tb_operation (date, description, value) VALUES('2020-07-13', 'Depósito', 150.0);
INSERT INTO tb_operation (date, description, value) VALUES('2020-07-13', 'Retirada', 150.0);
INSERT INTO tb_operation (date, description, value) VALUES('2020-07-13', 'Depósito', 150.0);
INSERT INTO tb_operation (date, description, value) VALUES('2020-07-13', 'Depósito', 150.0);
INSERT INTO tb_operation (date, description, value) VALUES('2020-07-13', 'Retirada', 150.0);
INSERT INTO tb_operation (date, description, value) VALUES('2020-07-13', 'Depósito', 150.0);
INSERT INTO tb_operation (date, description, value) VALUES('2020-07-13', 'Depósito', 150.0);
INSERT INTO tb_operation (date, description, value) VALUES('2020-07-13', 'Retirada', 150.0);
INSERT INTO tb_operation (date, description, value) VALUES('2020-07-13', 'Depósito', 150.0);
INSERT INTO tb_operation (date, description, value) VALUES('2020-07-13', 'Depósito', 150.0);
INSERT INTO tb_operation (date, description, value) VALUES('2020-07-13', 'Retirada', 150.0);
INSERT INTO tb_operation (date, description, value) VALUES('2020-07-13', 'Depósito', 150.0);
INSERT INTO tb_operation (date, description, value) VALUES('2020-07-13', 'Depósito', 150.0);
INSERT INTO tb_operation (date, description, value) VALUES('2020-07-13', 'Depósito', 150.0);
INSERT INTO tb_operation (date, description, value) VALUES('2020-07-13', 'Retirada', 150.0);
INSERT INTO tb_operation (date, description, value) VALUES('2020-07-13', 'Depósito', 150.0);
INSERT INTO tb_operation (date, description, value) VALUES('2020-07-13', 'Retirada', 150.0);
INSERT INTO tb_operation (date, description, value) VALUES('2020-07-13', 'Depósito', 150.0);
INSERT INTO tb_operation (date, description, value) VALUES('2020-07-13', 'Depósito', 150.0);
INSERT INTO tb_operation (date, description, value) VALUES('2020-07-13', 'Depósito', 150.0);
INSERT INTO tb_operation (date, description, value) VALUES('2020-07-13', 'Depósito', 150.0);
INSERT INTO tb_operation (date, description, value) VALUES('2020-07-13', 'Retirada', 150.0);
INSERT INTO tb_operation (date, description, value) VALUES('2020-07-13', 'Depósito', 150.0);
INSERT INTO tb_operation (date, description, value) VALUES('2020-07-13', 'Depósito', 150.0);
INSERT INTO tb_operation (date, description, value) VALUES('2020-07-13', 'Retirada', 150.0);
INSERT INTO tb_operation (date, description, value) VALUES('2020-07-13', 'Depósito', 150.0);
INSERT INTO tb_operation (date, description, value) VALUES('2020-07-13', 'Retirada', 150.0);
INSERT INTO tb_operation (date, description, value) VALUES('2020-07-13', 'Retirada', 150.0);
INSERT INTO tb_operation (date, description, value) VALUES('2020-07-13', 'Retirada', 150.0);
INSERT INTO tb_operation (date, description, value) VALUES('2020-07-13', 'Retirada', 150.0);
INSERT INTO tb_operation (date, description, value) VALUES('2020-07-13', 'Retirada', 150.0);
INSERT INTO tb_operation (date, description, value) VALUES('2020-07-13', 'Retirada', 150.0);
INSERT INTO tb_operation (date, description, value) VALUES('2020-07-13', 'Retirada', 150.0);

INSERT INTO tb_checking_account_operation (`account_id`, `operation_id`) VALUES (1, 1);
INSERT INTO tb_checking_account_operation (`account_id`, `operation_id`) VALUES (2, 2);
INSERT INTO tb_checking_account_operation (`account_id`, `operation_id`) VALUES (3, 3);
INSERT INTO tb_checking_account_operation (`account_id`, `operation_id`) VALUES (4, 4);
INSERT INTO tb_checking_account_operation (`account_id`, `operation_id`) VALUES (5, 5);
INSERT INTO tb_checking_account_operation (`account_id`, `operation_id`) VALUES (6, 6);
INSERT INTO tb_checking_account_operation (`account_id`, `operation_id`) VALUES (7, 7);
INSERT INTO tb_checking_account_operation (`account_id`, `operation_id`) VALUES (1, 8);
INSERT INTO tb_checking_account_operation (`account_id`, `operation_id`) VALUES (2, 9);
INSERT INTO tb_checking_account_operation (`account_id`, `operation_id`) VALUES (3, 10);
INSERT INTO tb_checking_account_operation (`account_id`, `operation_id`) VALUES (4, 11);
INSERT INTO tb_checking_account_operation (`account_id`, `operation_id`) VALUES (5, 12);
INSERT INTO tb_checking_account_operation (`account_id`, `operation_id`) VALUES (6, 13);
INSERT INTO tb_checking_account_operation (`account_id`, `operation_id`) VALUES (7, 14);
INSERT INTO tb_checking_account_operation (`account_id`, `operation_id`) VALUES (3, 15);
INSERT INTO tb_checking_account_operation (`account_id`, `operation_id`) VALUES (1, 16);
INSERT INTO tb_checking_account_operation (`account_id`, `operation_id`) VALUES (2, 17);
INSERT INTO tb_checking_account_operation (`account_id`, `operation_id`) VALUES (3, 18);
INSERT INTO tb_checking_account_operation (`account_id`, `operation_id`) VALUES (4, 19);
INSERT INTO tb_checking_account_operation (`account_id`, `operation_id`) VALUES (5, 20);
INSERT INTO tb_checking_account_operation (`account_id`, `operation_id`) VALUES (6, 21);
INSERT INTO tb_checking_account_operation (`account_id`, `operation_id`) VALUES (7, 22);
INSERT INTO tb_checking_account_operation (`account_id`, `operation_id`) VALUES (1, 23);
INSERT INTO tb_checking_account_operation (`account_id`, `operation_id`) VALUES (2, 24);
INSERT INTO tb_checking_account_operation (`account_id`, `operation_id`) VALUES (3, 25);
INSERT INTO tb_checking_account_operation (`account_id`, `operation_id`) VALUES (4, 26);
INSERT INTO tb_checking_account_operation (`account_id`, `operation_id`) VALUES (5, 27);
INSERT INTO tb_checking_account_operation (`account_id`, `operation_id`) VALUES (6, 28);
INSERT INTO tb_checking_account_operation (`account_id`, `operation_id`) VALUES (7, 29);
INSERT INTO tb_checking_account_operation (`account_id`, `operation_id`) VALUES (1, 30);
INSERT INTO tb_checking_account_operation (`account_id`, `operation_id`) VALUES (2, 31);
INSERT INTO tb_checking_account_operation (`account_id`, `operation_id`) VALUES (3, 32);
INSERT INTO tb_checking_account_operation (`account_id`, `operation_id`) VALUES (4, 33);
INSERT INTO tb_checking_account_operation (`account_id`, `operation_id`) VALUES (5, 34);
INSERT INTO tb_checking_account_operation (`account_id`, `operation_id`) VALUES (6, 35);
INSERT INTO tb_checking_account_operation (`account_id`, `operation_id`) VALUES (7, 36);
INSERT INTO tb_checking_account_operation (`account_id`, `operation_id`) VALUES (1, 37);
INSERT INTO tb_checking_account_operation (`account_id`, `operation_id`) VALUES (2, 38);
INSERT INTO tb_checking_account_operation (`account_id`, `operation_id`) VALUES (3, 39);
INSERT INTO tb_checking_account_operation (`account_id`, `operation_id`) VALUES (4, 40);

INSERT INTO tb_special_account_operation (`account_id`, `operation_id`) VALUES (1, 40);
INSERT INTO tb_special_account_operation (`account_id`, `operation_id`) VALUES (2, 41);
INSERT INTO tb_special_account_operation (`account_id`, `operation_id`) VALUES (3, 42);
INSERT INTO tb_special_account_operation (`account_id`, `operation_id`) VALUES (1, 43);
INSERT INTO tb_special_account_operation (`account_id`, `operation_id`) VALUES (2, 44);
INSERT INTO tb_special_account_operation (`account_id`, `operation_id`) VALUES (3, 45);
INSERT INTO tb_special_account_operation (`account_id`, `operation_id`) VALUES (1, 46);
INSERT INTO tb_special_account_operation (`account_id`, `operation_id`) VALUES (2, 47);
INSERT INTO tb_special_account_operation (`account_id`, `operation_id`) VALUES (3, 48);
INSERT INTO tb_special_account_operation (`account_id`, `operation_id`) VALUES (1, 49);
INSERT INTO tb_special_account_operation (`account_id`, `operation_id`) VALUES (2, 50);
INSERT INTO tb_special_account_operation (`account_id`, `operation_id`) VALUES (3, 51);
INSERT INTO tb_special_account_operation (`account_id`, `operation_id`) VALUES (1, 52);
INSERT INTO tb_special_account_operation (`account_id`, `operation_id`) VALUES (2, 53);
INSERT INTO tb_special_account_operation (`account_id`, `operation_id`) VALUES (3, 54);
INSERT INTO tb_special_account_operation (`account_id`, `operation_id`) VALUES (1, 55);
INSERT INTO tb_special_account_operation (`account_id`, `operation_id`) VALUES (2, 56);
INSERT INTO tb_special_account_operation (`account_id`, `operation_id`) VALUES (3, 57);
INSERT INTO tb_special_account_operation (`account_id`, `operation_id`) VALUES (1, 58);
INSERT INTO tb_special_account_operation (`account_id`, `operation_id`) VALUES (2, 59);
INSERT INTO tb_special_account_operation (`account_id`, `operation_id`) VALUES (3, 60);
INSERT INTO tb_special_account_operation (`account_id`, `operation_id`) VALUES (1, 61);
INSERT INTO tb_special_account_operation (`account_id`, `operation_id`) VALUES (2, 62);
INSERT INTO tb_special_account_operation (`account_id`, `operation_id`) VALUES (3, 63);
INSERT INTO tb_special_account_operation (`account_id`, `operation_id`) VALUES (1, 64);
INSERT INTO tb_special_account_operation (`account_id`, `operation_id`) VALUES (2, 65);
INSERT INTO tb_special_account_operation (`account_id`, `operation_id`) VALUES (3, 66);
INSERT INTO tb_special_account_operation (`account_id`, `operation_id`) VALUES (1, 67);
INSERT INTO tb_special_account_operation (`account_id`, `operation_id`) VALUES (2, 68);
INSERT INTO tb_special_account_operation (`account_id`, `operation_id`) VALUES (3, 69);
INSERT INTO tb_special_account_operation (`account_id`, `operation_id`) VALUES (1, 70);
INSERT INTO tb_special_account_operation (`account_id`, `operation_id`) VALUES (2, 71);
INSERT INTO tb_special_account_operation (`account_id`, `operation_id`) VALUES (3, 72);
INSERT INTO tb_special_account_operation (`account_id`, `operation_id`) VALUES (1, 70);
INSERT INTO tb_special_account_operation (`account_id`, `operation_id`) VALUES (2, 71);
INSERT INTO tb_special_account_operation (`account_id`, `operation_id`) VALUES (3, 72);
INSERT INTO tb_special_account_operation (`account_id`, `operation_id`) VALUES (1, 73);
INSERT INTO tb_special_account_operation (`account_id`, `operation_id`) VALUES (2, 74);
INSERT INTO tb_special_account_operation (`account_id`, `operation_id`) VALUES (3, 75);
INSERT INTO tb_special_account_operation (`account_id`, `operation_id`) VALUES (1, 76);
INSERT INTO tb_special_account_operation (`account_id`, `operation_id`) VALUES (2, 77);
INSERT INTO tb_special_account_operation (`account_id`, `operation_id`) VALUES (3, 78);
INSERT INTO tb_special_account_operation (`account_id`, `operation_id`) VALUES (1, 79);
INSERT INTO tb_special_account_operation (`account_id`, `operation_id`) VALUES (2, 80);